Tiempo (s) Serie Nº 1,Ángulo (rad),N2,N3,N4,N5,V. Vel. Angular (rad/s),N2,N3,N4,N5,Ac. angular (rad/s²),N2,N3,N4,N5,Pos. (m),N2,N3,N4,N5,V. Vel (m/s),N2,N3,N4,N5,Ac. (m/s²),N2,N3,N4,N5,Fuerza (N),N2,N3,N44,N5
0,-,-,-,-,-,-,-,-,-,-,-,-,-,-,-,-,-,-,-,-,-,-,-,-,-,-,-,-,-,-,4.48,4.57,4.47,4.47,4.45
0.01,-,-,-,-,-,-,-,-,-,-,-,-,-,-,-,-,-,-,-,-,-,-,-,-,-,-,-,-,-,-,4.47,4.51,4.48,4.45,4.5
0.02,-,-,-,-,-,-,-,-,-,-,-,-,-,-,-,-,-,-,-,-,-,-,-,-,-,-,-,-,-,-,4.48,4.53,4.46,4.43,4.47
0.03,-,-,-,-,-,-,-,-,-,-,-,-,-,-,-,-,-,-,-,-,-,-,-,-,-,-,-,-,-,-,4.49,4.5,4.45,4.45,4.49
0.04,-,-,-,-,-,-,-,-,-,-,-,-,-,-,-,-,-,-,-,-,-,-,-,-,-,-,-,-,-,-,4.49,4.53,4.43,4.46,4.46
0.05,0,0,0,0,0,-,-,-,-,-,-,-,-,-,-,0,0,0,0,0,-,-,-,-,-,-,-,-,-,-,4.47,4.51,4.44,4.41,4.46
0.06,-,-,-,-,-,-,-,-,-,-,-,-,-,-,-,-,-,-,-,-,-,-,-,-,-,-,-,-,-,-,4.48,4.49,4.43,4.45,4.47
0.07,-,-,-,-,-,-,-,-,-,-,-,-,-,-,-,-,-,-,-,-,-,-,-,-,-,-,-,-,-,-,4.48,4.49,4.43,4.45,4.5
0.08,-,-,-,-,-,-,-,-,-,-,-,-,-,-,-,-,-,-,-,-,-,-,-,-,-,-,-,-,-,-,4.46,4.47,4.42,4.45,4.49
0.09,-,-,-,-,-,-,-,-,-,-,-,-,-,-,-,-,-,-,-,-,-,-,-,-,-,-,-,-,-,-,4.48,4.45,4.47,4.44,4.47
0.1,0,0,0,0,-0.017,-0.175,0.175,0,-0.175,-0.349,-,-,-,-,-,0,0,0,0,-4.36E-04,-0.004,0,0.004,-0.004,-0.009,-,-,-,-,-,4.47,4.44,4.48,4.45,4.47
0.11,-,-,-,-,-,-,-,-,-,-,-,-,-,-,-,-,-,-,-,-,-,-,-,-,-,-,-,-,-,-,4.52,4.42,4.47,4.47,4.47
0.12,-,-,-,-,-,-,-,-,-,-,-,-,-,-,-,-,-,-,-,-,-,-,-,-,-,-,-,-,-,-,4.48,4.46,4.48,4.48,4.49
0.13,-,-,-,-,-,-,-,-,-,-,-,-,-,-,-,-,-,-,-,-,-,-,-,-,-,-,-,-,-,-,4.49,4.44,4.47,4.46,4.51
0.14,-,-,-,-,-,-,-,-,-,-,-,-,-,-,-,-,-,-,-,-,-,-,-,-,-,-,-,-,-,-,4.51,4.46,4.5,4.46,4.5
0.15,-0.017,0.017,0,-0.017,-0.035,-0.175,0,-0.116,-0.116,-0.175,-,-,-,-,-,-4.36E-04,4.36E-04,0,-4.36E-04,-8.72E-04,-0.004,-0.003,0,-0.003,-0.004,-,-,-,-,-,4.52,4.48,4.49,4.46,4.48
0.16,-,-,-,-,-,-,-,-,-,-,-,-,-,-,-,-,-,-,-,-,-,-,-,-,-,-,-,-,-,-,4.51,4.48,4.5,4.49,4.48
0.17,-,-,-,-,-,-,-,-,-,-,-,-,-,-,-,-,-,-,-,-,-,-,-,-,-,-,-,-,-,-,4.53,4.5,4.51,4.51,4.43
0.18,-,-,-,-,-,-,-,-,-,-,-,-,-,-,-,-,-,-,-,-,-,-,-,-,-,-,-,-,-,-,4.56,4.48,4.54,4.48,4.45
0.19,-,-,-,-,-,-,-,-,-,-,-,-,-,-,-,-,-,-,-,-,-,-,-,-,-,-,-,-,-,-,4.55,4.48,4.54,4.48,4.45
0.2,-0.017,0,-0.017,-0.017,-0.035,-0.175,-0.058,-0.116,-0.116,-0.116,1.164,-0.776,-0.388,-2.909,0.582,-4.36E-04,0,-4.36E-04,-4.36E-04,-8.72E-04,-0.004,-0.003,-0.001,-0.003,-0.003,0.029,-0.019,-0.01,-0.073,0.015,4.53,4.5,4.55,4.49,4.45
0.21,-,-,-,-,-,-,-,-,-,-,-,-,-,-,-,-,-,-,-,-,-,-,-,-,-,-,-,-,-,-,4.54,4.47,4.56,4.51,4.45
0.22,-,-,-,-,-,-,-,-,-,-,-,-,-,-,-,-,-,-,-,-,-,-,-,-,-,-,-,-,-,-,4.5,4.49,4.54,4.5,4.46
0.23,-,-,-,-,-,-,-,-,-,-,-,-,-,-,-,-,-,-,-,-,-,-,-,-,-,-,-,-,-,-,4.5,4.47,4.49,4.5,4.47
0.24,-,-,-,-,-,-,-,-,-,-,-,-,-,-,-,-,-,-,-,-,-,-,-,-,-,-,-,-,-,-,4.53,4.51,4.55,4.43,4.5
0.25,-0.035,0,-0.017,-0.017,-0.035,-0.058,-0.058,-0.116,-0.233,-0.116,1.745,0.194,-0.194,-12.217,-2.133,-8.72E-04,0,-4.36E-04,-4.36E-04,-8.72E-04,-0.001,-0.003,-0.001,-0.006,-0.003,0.044,0.005,-0.005,-0.305,-0.053,4.47,4.48,4.49,4.43,4.46
0.26,-,-,-,-,-,-,-,-,-,-,-,-,-,-,-,-,-,-,-,-,-,-,-,-,-,-,-,-,-,-,4.52,4.51,4.47,4.33,4.5
0.27,-,-,-,-,-,-,-,-,-,-,-,-,-,-,-,-,-,-,-,-,-,-,-,-,-,-,-,-,-,-,4.49,4.53,4.44,4.29,4.46
0.28,-,-,-,-,-,-,-,-,-,-,-,-,-,-,-,-,-,-,-,-,-,-,-,-,-,-,-,-,-,-,4.49,4.56,4.44,4.19,4.41
0.29,-,-,-,-,-,-,-,-,-,-,-,-,-,-,-,-,-,-,-,-,-,-,-,-,-,-,-,-,-,-,4.48,4.51,4.42,4.11,4.45
0.3,-0.035,0,-0.017,-0.035,-0.052,0.058,0,-0.116,-0.931,-0.233,1.357,0.582,-0.582,-33.161,-9.89,-8.72E-04,0,-4.36E-04,-8.72E-04,-0.0013,0.001,-0.003,0,-0.023,-0.006,0.034,0.015,-0.015,-0.829,-0.247,4.49,4.54,4.42,3.97,4.38
0.31,-,-,-,-,-,-,-,-,-,-,-,-,-,-,-,-,-,-,-,-,-,-,-,-,-,-,-,-,-,-,4.47,4.51,4.41,3.84,4.35
0.32,-,-,-,-,-,-,-,-,-,-,-,-,-,-,-,-,-,-,-,-,-,-,-,-,-,-,-,-,-,-,4.46,4.53,4.44,3.69,4.37
0.33,-,-,-,-,-,-,-,-,-,-,-,-,-,-,-,-,-,-,-,-,-,-,-,-,-,-,-,-,-,-,4.47,4.52,4.43,3.53,4.3
0.34,-,-,-,-,-,-,-,-,-,-,-,-,-,-,-,-,-,-,-,-,-,-,-,-,-,-,-,-,-,-,4.47,4.55,4.42,3.23,4.28
0.35,-0.017,0,-0.035,-0.07,-0.052,0.116,0,-0.175,-2.967,-0.698,0.194,0.776,-0.582,-67.874,-30.252,-4.36E-04,0,-8.72E-04,-0.0017,-0.0013,0.003,-0.004,0,-0.074,-0.017,0.005,0.019,-0.015,-1.696,-0.756,4.48,4.57,4.47,2.94,4.24
0.36,-,-,-,-,-,-,-,-,-,-,-,-,-,-,-,-,-,-,-,-,-,-,-,-,-,-,-,-,-,-,4.47,4.57,4.47,2.68,4.14
0.37,-,-,-,-,-,-,-,-,-,-,-,-,-,-,-,-,-,-,-,-,-,-,-,-,-,-,-,-,-,-,4.46,4.56,4.48,2.46,4.01
0.38,-,-,-,-,-,-,-,-,-,-,-,-,-,-,-,-,-,-,-,-,-,-,-,-,-,-,-,-,-,-,4.49,4.53,4.49,2.19,3.88
0.39,-,-,-,-,-,-,-,-,-,-,-,-,-,-,-,-,-,-,-,-,-,-,-,-,-,-,-,-,-,-,4.48,4.49,4.52,1.97,3.55
0.4,-0.017,0,-0.035,-0.244,-0.087,0.058,0.058,-0.233,-7.33,-2.502,-0.582,0.97,0.388,-108.986,-67.874,-4.36E-04,0,-8.72E-04,-0.0061,-0.0022,0.001,-0.006,0.001,-0.183,-0.063,-0.015,0.024,0.01,-2.723,-1.696,4.49,4.52,4.57,1.86,3.21
0.41,-,-,-,-,-,-,-,-,-,-,-,-,-,-,-,-,-,-,-,-,-,-,-,-,-,-,-,-,-,-,4.48,4.5,4.52,1.61,2.84
0.42,-,-,-,-,-,-,-,-,-,-,-,-,-,-,-,-,-,-,-,-,-,-,-,-,-,-,-,-,-,-,4.45,4.5,4.59,1.64,2.4
0.43,-,-,-,-,-,-,-,-,-,-,-,-,-,-,-,-,-,-,-,-,-,-,-,-,-,-,-,-,-,-,4.49,4.48,4.6,1.54,2.01
0.44,-,-,-,-,-,-,-,-,-,-,-,-,-,-,-,-,-,-,-,-,-,-,-,-,-,-,-,-,-,-,4.47,4.47,4.59,1.66,1.59
0.45,-0.017,0,-0.052,-0.698,-0.209,0,0.116,-0.175,-14.195,-6.923,-0.582,0.776,2.327,-141.953,-115.386,-4.36E-04,0,-0.0013,-0.0174,-0.0052,0,-0.004,0.003,-0.355,-0.173,-0.015,0.019,0.058,-3.547,-2.883,4.49,4.48,4.58,1.81,1.29
0.46,-,-,-,-,-,-,-,-,-,-,-,-,-,-,-,-,-,-,-,-,-,-,-,-,-,-,-,-,-,-,4.48,4.46,4.6,1.92,1.09
0.47,-,-,-,-,-,-,-,-,-,-,-,-,-,-,-,-,-,-,-,-,-,-,-,-,-,-,-,-,-,-,4.48,4.51,4.61,2.26,0.97
0.48,-,-,-,-,-,-,-,-,-,-,-,-,-,-,-,-,-,-,-,-,-,-,-,-,-,-,-,-,-,-,4.49,4.46,4.61,2.41,0.97
0.49,-,-,-,-,-,-,-,-,-,-,-,-,-,-,-,-,-,-,-,-,-,-,-,-,-,-,-,-,-,-,4.49,4.49,4.58,2.61,1.01
0.5,-0.017,0.017,-0.07,-1.606,-0.646,0,0.175,6.94E-17,-22.398,-14.37,-0.388,-0.194,3.879,-155.334,-152.038,-4.36E-04,4.36E-04,-0.0017,-0.0401,-0.0161,0,0,0.004,-0.56,-0.359,-0.01,-0.005,0.097,-3.881,-3.799,4.48,4.47,4.62,2.73,1.11
0.51,-,-,-,-,-,-,-,-,-,-,-,-,-,-,-,-,-,-,-,-,-,-,-,-,-,-,-,-,-,-,4.49,4.48,4.59,2.83,1.33
0.52,-,-,-,-,-,-,-,-,-,-,-,-,-,-,-,-,-,-,-,-,-,-,-,-,-,-,-,-,-,-,4.46,4.46,4.58,2.82,1.54
0.53,-,-,-,-,-,-,-,-,-,-,-,-,-,-,-,-,-,-,-,-,-,-,-,-,-,-,-,-,-,-,4.46,4.44,4.57,2.79,1.82
0.54,-,-,-,-,-,-,-,-,-,-,-,-,-,-,-,-,-,-,-,-,-,-,-,-,-,-,-,-,-,-,4.48,4.43,4.57,2.64,2.18
0.55,-0.017,0.017,-0.052,-2.967,-1.571,0,0.116,0.291,-30.485,-23.446,-0.582,-1.357,3.297,-148.935,-157.661,-4.36E-04,4.36E-04,-0.0013,-0.0741,-0.0393,0,0.007,0.003,-0.762,-0.586,-0.015,-0.034,0.082,-3.721,-3.94,4.47,4.47,4.48,2.59,2.43
0.56,-,-,-,-,-,-,-,-,-,-,-,-,-,-,-,-,-,-,-,-,-,-,-,-,-,-,-,-,-,-,4.46,4.5,4.47,2.53,2.85
0.57,-,-,-,-,-,-,-,-,-,-,-,-,-,-,-,-,-,-,-,-,-,-,-,-,-,-,-,-,-,-,4.43,4.46,4.47,2.46,3
0.58,-,-,-,-,-,-,-,-,-,-,-,-,-,-,-,-,-,-,-,-,-,-,-,-,-,-,-,-,-,-,4.48,4.5,4.46,2.49,3.36
0.59,-,-,-,-,-,-,-,-,-,-,-,-,-,-,-,-,-,-,-,-,-,-,-,-,-,-,-,-,-,-,4.48,4.5,4.43,2.45,3.48
0.6,-0.017,0.035,-0.035,-4.695,-3.037,-0.058,0,0.465,-37.641,-31.59,-0.776,-1.939,0.582,-129.154,-129.154,-4.36E-04,8.72E-04,-8.72E-04,-0.1173,-0.0759,-0.001,0.012,0,-0.941,-0.789,-0.019,-0.048,0.015,-3.227,-3.227,4.49,4.49,4.43,2.56,3.61
0.61,-,-,-,-,-,-,-,-,-,-,-,-,-,-,-,-,-,-,-,-,-,-,-,-,-,-,-,-,-,-,4.49,4.46,4.37,2.68,3.86
0.62,-,-,-,-,-,-,-,-,-,-,-,-,-,-,-,-,-,-,-,-,-,-,-,-,-,-,-,-,-,-,4.5,4.46,4.39,2.77,3.89
0.63,-,-,-,-,-,-,-,-,-,-,-,-,-,-,-,-,-,-,-,-,-,-,-,-,-,-,-,-,-,-,4.49,4.46,4.35,3.01,4.08
0.64,-,-,-,-,-,-,-,-,-,-,-,-,-,-,-,-,-,-,-,-,-,-,-,-,-,-,-,-,-,-,4.48,4.48,4.34,3.19,4.08
0.65,-0.017,0.017,0,-6.754,-4.852,-0.116,-0.116,0.349,-43.633,-37.001,-0.582,-1.551,-2.521,-100.453,-82.612,-4.36E-04,4.36E-04,0,-0.1688,-0.1212,-0.003,0.009,-0.003,-1.09,-0.925,-0.015,-0.039,-0.063,-2.51,-2.064,4.51,4.45,4.39,3.5,4.08
0.66,-,-,-,-,-,-,-,-,-,-,-,-,-,-,-,-,-,-,-,-,-,-,-,-,-,-,-,-,-,-,4.49,4.5,4.37,3.68,4.29
0.67,-,-,-,-,-,-,-,-,-,-,-,-,-,-,-,-,-,-,-,-,-,-,-,-,-,-,-,-,-,-,4.5,4.55,4.41,3.92,4.32
0.68,-,-,-,-,-,-,-,-,-,-,-,-,-,-,-,-,-,-,-,-,-,-,-,-,-,-,-,-,-,-,4.52,4.54,4.39,4.24,4.49
0.69,-,-,-,-,-,-,-,-,-,-,-,-,-,-,-,-,-,-,-,-,-,-,-,-,-,-,-,-,-,-,4.49,4.53,4.42,4.3,4.67
0.7,-0.035,0.017,0.017,-9.111,-6.842,-0.116,-0.175,0.116,-47.997,-39.561,-1.939,-0.776,-3.685,-65.547,-38.979,-8.72E-04,4.36E-04,4.36E-04,-0.2277,-0.171,-0.003,0.003,-0.004,-1.199,-0.989,-0.048,-0.019,-0.092,-1.638,-0.974,4.49,4.49,4.45,4.48,4.62
0.71,-,-,-,-,-,-,-,-,-,-,-,-,-,-,-,-,-,-,-,-,-,-,-,-,-,-,-,-,-,-,4.47,4.5,4.46,4.57,4.72
0.72,-,-,-,-,-,-,-,-,-,-,-,-,-,-,-,-,-,-,-,-,-,-,-,-,-,-,-,-,-,-,4.47,4.47,4.48,4.59,4.67
0.73,-,-,-,-,-,-,-,-,-,-,-,-,-,-,-,-,-,-,-,-,-,-,-,-,-,-,-,-,-,-,4.46,4.46,4.47,4.58,4.62
0.74,-,-,-,-,-,-,-,-,-,-,-,-,-,-,-,-,-,-,-,-,-,-,-,-,-,-,-,-,-,-,4.49,4.48,4.47,4.56,4.59
0.75,-0.035,0,0,-11.641,-8.866,-0.116,-0.175,-0.116,-50.265,-40.259,-10.86,-0.194,-2.521,-29.477,-9.89,-8.72E-04,0,0,-0.2909,-0.2215,-0.003,-0.003,-0.004,-1.256,-1.006,-0.271,-0.005,-0.063,-0.737,-0.247,4.47,4.48,4.49,4.55,4.49
0.76,-,-,-,-,-,-,-,-,-,-,-,-,-,-,-,-,-,-,-,-,-,-,-,-,-,-,-,-,-,-,4.44,4.52,4.5,4.56,4.47
0.77,-,-,-,-,-,-,-,-,-,-,-,-,-,-,-,-,-,-,-,-,-,-,-,-,-,-,-,-,-,-,4.4,4.46,4.56,4.53,4.48
0.78,-,-,-,-,-,-,-,-,-,-,-,-,-,-,-,-,-,-,-,-,-,-,-,-,-,-,-,-,-,-,4.3,4.5,4.52,4.67,4.51
0.79,-,-,-,-,-,-,-,-,-,-,-,-,-,-,-,-,-,-,-,-,-,-,-,-,-,-,-,-,-,-,4.19,4.5,4.56,4.7,4.64
0.8,-0.035,0,0,-14.207,-10.891,-0.64,-0.175,-0.175,-50.673,-40.026,-33.549,-0.194,-1.357,1.357,4.46,-8.72E-04,0,0,-0.355,-0.2721,-0.016,-0.004,-0.004,-1.266,-1,-0.838,-0.005,-0.034,0.034,0.111,4.06,4.51,4.52,4.92,4.74
0.81,-,-,-,-,-,-,-,-,-,-,-,-,-,-,-,-,-,-,-,-,-,-,-,-,-,-,-,-,-,-,3.87,4.48,4.52,5,4.84
0.82,-,-,-,-,-,-,-,-,-,-,-,-,-,-,-,-,-,-,-,-,-,-,-,-,-,-,-,-,-,-,3.65,4.5,4.54,4.97,4.84
0.83,-,-,-,-,-,-,-,-,-,-,-,-,-,-,-,-,-,-,-,-,-,-,-,-,-,-,-,-,-,-,3.36,4.5,4.52,4.97,4.88
0.84,-,-,-,-,-,-,-,-,-,-,-,-,-,-,-,-,-,-,-,-,-,-,-,-,-,-,-,-,-,-,2.98,4.49,4.52,4.95,4.8
0.85,-0.052,-0.017,-0.017,-16.738,-12.881,-2.851,-0.175,-0.116,-49.8,-39.503,-68.844,-0.582,-4.848,24.629,8.727,-0.0013,-4.36E-04,-4.36E-04,-0.4182,-0.3219,-0.071,-0.003,-0.004,-1.244,-0.987,-1.72,-0.015,-0.121,0.615,0.218,2.62,4.45,4.51,4.98,4.79
0.86,-,-,-,-,-,-,-,-,-,-,-,-,-,-,-,-,-,-,-,-,-,-,-,-,-,-,-,-,-,-,2.33,4.46,4.52,4.91,4.72
0.87,-,-,-,-,-,-,-,-,-,-,-,-,-,-,-,-,-,-,-,-,-,-,-,-,-,-,-,-,-,-,1.95,4.46,4.49,4.99,4.6
0.88,-,-,-,-,-,-,-,-,-,-,-,-,-,-,-,-,-,-,-,-,-,-,-,-,-,-,-,-,-,-,1.71,4.48,4.48,5.08,4.58
0.89,-,-,-,-,-,-,-,-,-,-,-,-,-,-,-,-,-,-,-,-,-,-,-,-,-,-,-,-,-,-,1.51,4.49,4.43,5.07,4.43
0.9,-0.209,-0.017,-0.017,-19.216,-14.835,-7.447,-0.233,-0.291,-48.055,-38.979,-105.495,-1.164,-20.556,42.47,7.563,-0.0052,-4.36E-04,-4.36E-04,-0.4802,-0.3707,-0.186,-0.007,-0.006,-1.201,-0.974,-2.636,-0.029,-0.514,1.061,0.189,1.55,4.5,4.36,5.23,4.34
0.91,-,-,-,-,-,-,-,-,-,-,-,-,-,-,-,-,-,-,-,-,-,-,-,-,-,-,-,-,-,-,1.75,4.48,4.25,5.35,4.26
0.92,-,-,-,-,-,-,-,-,-,-,-,-,-,-,-,-,-,-,-,-,-,-,-,-,-,-,-,-,-,-,2.17,4.5,4.1,5.42,4.13
0.93,-,-,-,-,-,-,-,-,-,-,-,-,-,-,-,-,-,-,-,-,-,-,-,-,-,-,-,-,-,-,2.51,4.45,3.94,5.5,4.17
0.94,-,-,-,-,-,-,-,-,-,-,-,-,-,-,-,-,-,-,-,-,-,-,-,-,-,-,-,-,-,-,2.79,4.46,3.71,5.55,4.14
0.95,-0.716,-0.035,-0.017,-21.572,-16.773,-13.963,-0.291,-1.454,-45.495,-38.688,-131.675,-2.327,-54.105,56.626,5.236,-0.0179,-8.72E-04,-4.36E-04,-0.539,-0.4191,-0.349,-0.036,-0.007,-1.137,-0.967,-3.29,-0.058,-1.352,1.415,0.131,3,4.5,3.5,5.51,4.17
0.96,-,-,-,-,-,-,-,-,-,-,-,-,-,-,-,-,-,-,-,-,-,-,-,-,-,-,-,-,-,-,3.17,4.49,3.22,5.55,4.19
0.97,-,-,-,-,-,-,-,-,-,-,-,-,-,-,-,-,-,-,-,-,-,-,-,-,-,-,-,-,-,-,3.25,4.48,2.91,5.45,4.19
0.98,-,-,-,-,-,-,-,-,-,-,-,-,-,-,-,-,-,-,-,-,-,-,-,-,-,-,-,-,-,-,3.21,4.49,2.56,5.45,4.34
0.99,-,-,-,-,-,-,-,-,-,-,-,-,-,-,-,-,-,-,-,-,-,-,-,-,-,-,-,-,-,-,3.08,4.53,2.11,5.34,4.43
1,-1.606,-0.052,-0.087,-23.789,-18.692,-21.177,-0.407,-5.003,-42.237,-38.572,-146.026,-7.757,-101.035,66.71,6.012,-0.0401,-0.0013,-0.0022,-0.5944,-0.4671,-0.529,-0.125,-0.01,-1.055,-0.964,-3.649,-0.194,-2.525,1.667,0.15,2.84,4.51,1.66,5.25,4.58
1.01,-,-,-,-,-,-,-,-,-,-,-,-,-,-,-,-,-,-,-,-,-,-,-,-,-,-,-,-,-,-,2.68,4.5,1.36,5.47,4.62
1.02,-,-,-,-,-,-,-,-,-,-,-,-,-,-,-,-,-,-,-,-,-,-,-,-,-,-,-,-,-,-,2.43,4.48,1.07,5.46,4.85
1.03,-,-,-,-,-,-,-,-,-,-,-,-,-,-,-,-,-,-,-,-,-,-,-,-,-,-,-,-,-,-,2.29,4.42,0.94,5.54,4.89
1.04,-,-,-,-,-,-,-,-,-,-,-,-,-,-,-,-,-,-,-,-,-,-,-,-,-,-,-,-,-,-,2.02,4.41,1.01,5.65,4.98
1.05,-2.845,-0.07,-0.384,-25.813,-20.63,-28.623,-0.698,-11.636,-38.63,-38.339,-154.559,-25.016,-144.281,72.14,12.799,-0.0711,-0.0017,-0.0096,-0.645,-0.5155,-0.715,-0.291,-0.017,-0.965,-0.958,-3.862,-0.625,-3.605,1.803,0.32,1.77,4.29,1.27,5.59,4.96
1.06,-,-,-,-,-,-,-,-,-,-,-,-,-,-,-,-,-,-,-,-,-,-,-,-,-,-,-,-,-,-,1.57,4.17,1.45,5.61,5.07
1.07,-,-,-,-,-,-,-,-,-,-,-,-,-,-,-,-,-,-,-,-,-,-,-,-,-,-,-,-,-,-,1.44,4.03,1.76,5.49,4.96
1.08,-,-,-,-,-,-,-,-,-,-,-,-,-,-,-,-,-,-,-,-,-,-,-,-,-,-,-,-,-,-,1.38,3.88,1.93,5.46,4.86
1.09,-,-,-,-,-,-,-,-,-,-,-,-,-,-,-,-,-,-,-,-,-,-,-,-,-,-,-,-,-,-,1.48,3.66,2.11,5.4,4.83
1.1,-4.433,-0.105,-1.152,-27.646,-22.55,-36.594,-2.153,-20.42,-34.907,-37.525,-158.631,-60.505,-164.837,73.886,25.598,-0.1108,-0.0026,-0.0288,-0.6908,-0.5635,-0.914,-0.51,-0.054,-0.872,-0.938,-3.964,-1.512,-4.119,1.846,0.64,1.58,3.39,2.16,5.42,4.9
1.11,-,-,-,-,-,-,-,-,-,-,-,-,-,-,-,-,-,-,-,-,-,-,-,-,-,-,-,-,-,-,1.84,3.03,2.35,5.53,4.9
1.12,-,-,-,-,-,-,-,-,-,-,-,-,-,-,-,-,-,-,-,-,-,-,-,-,-,-,-,-,-,-,2.05,2.68,2.33,5.43,4.92
1.13,-,-,-,-,-,-,-,-,-,-,-,-,-,-,-,-,-,-,-,-,-,-,-,-,-,-,-,-,-,-,2.37,2.29,2.52,5.64,5
1.14,-,-,-,-,-,-,-,-,-,-,-,-,-,-,-,-,-,-,-,-,-,-,-,-,-,-,-,-,-,-,2.63,1.85,2.63,5.4,5.1
1.15,-6.475,-0.192,-2.443,-29.304,-24.417,-44.913,-6.05,-29.322,-31.183,-35.896,-150.486,-110.731,-156.886,73.11,42.276,-0.1618,-0.0048,-0.0611,-0.7322,-0.6101,-1.122,-0.733,-0.151,-0.779,-0.897,-3.76,-2.767,-3.92,1.827,1.056,2.78,1.54,2.89,5.64,5.22
1.16,-,-,-,-,-,-,-,-,-,-,-,-,-,-,-,-,-,-,-,-,-,-,-,-,-,-,-,-,-,-,2.98,1.33,3.12,5.42,5.3
1.17,-,-,-,-,-,-,-,-,-,-,-,-,-,-,-,-,-,-,-,-,-,-,-,-,-,-,-,-,-,-,3.05,1.15,3.19,5.38,5.38
1.18,-,-,-,-,-,-,-,-,-,-,-,-,-,-,-,-,-,-,-,-,-,-,-,-,-,-,-,-,-,-,3.03,1.16,3.27,5.29,5.46
1.19,-,-,-,-,-,-,-,-,-,-,-,-,-,-,-,-,-,-,-,-,-,-,-,-,-,-,-,-,-,-,3.07,1.11,3.2,5.21,5.46
1.2,-8.954,-0.576,-4.154,-30.77,-26.162,-52.476,-13.206,-36.768,-27.518,-33.336,-121.397,-159.019,-128.766,70.589,59.729,-0.2237,-0.0144,-0.1038,-0.7689,-0.6537,-1.311,-0.919,-0.33,-0.688,-0.833,-3.033,-3.973,-3.218,1.764,1.492,2.99,1.14,3.06,5.16,5.55
1.21,-,-,-,-,-,-,-,-,-,-,-,-,-,-,-,-,-,-,-,-,-,-,-,-,-,-,-,-,-,-,3.03,1.22,3,5.12,5.66
1.22,-,-,-,-,-,-,-,-,-,-,-,-,-,-,-,-,-,-,-,-,-,-,-,-,-,-,-,-,-,-,3.17,1.26,2.97,5.08,5.69
1.23,-,-,-,-,-,-,-,-,-,-,-,-,-,-,-,-,-,-,-,-,-,-,-,-,-,-,-,-,-,-,3.4,1.46,3.06,5.29,5.73
1.24,-,-,-,-,-,-,-,-,-,-,-,-,-,-,-,-,-,-,-,-,-,-,-,-,-,-,-,-,-,-,3.66,1.4,3.29,5.14,5.86
1.25,-11.798,-1.414,-6.178,-32.044,-27.786,-57.887,-22.864,-42.353,-24.086,-29.845,-69.813,-185.393,-91.727,68.456,74.467,-0.2948,-0.0353,-0.1544,-0.8007,-0.6943,-1.446,-1.058,-0.571,-0.602,-0.746,-1.744,-4.632,-2.292,1.711,1.861,4.07,1.52,3.43,5.41,5.84
1.26,-,-,-,-,-,-,-,-,-,-,-,-,-,-,-,-,-,-,-,-,-,-,-,-,-,-,-,-,-,-,4.49,1.58,3.71,5.23,5.91
1.27,-,-,-,-,-,-,-,-,-,-,-,-,-,-,-,-,-,-,-,-,-,-,-,-,-,-,-,-,-,-,4.74,1.73,3.88,5.3,5.88
1.28,-,-,-,-,-,-,-,-,-,-,-,-,-,-,-,-,-,-,-,-,-,-,-,-,-,-,-,-,-,-,5.08,1.83,4.08,5.39,5.8
1.29,-,-,-,-,-,-,-,-,-,-,-,-,-,-,-,-,-,-,-,-,-,-,-,-,-,-,-,-,-,-,5.28,2.06,4.3,5.17,5.77
1.3,-14.853,-2.845,-8.447,-33.161,-29.182,-60.039,-33.045,-46.019,-20.828,-25.656,-3.297,-178.993,-51.584,69.425,82.418,-0.3711,-0.0711,-0.2111,-0.8286,-0.7292,-1.5,-1.15,-0.826,-0.52,-0.641,-0.082,-4.473,-1.289,1.735,2.059,5.6,2.18,4.43,5.42,5.67
1.31,-,-,-,-,-,-,-,-,-,-,-,-,-,-,-,-,-,-,-,-,-,-,-,-,-,-,-,-,-,-,5.92,2.47,4.65,5.25,5.59
1.32,-,-,-,-,-,-,-,-,-,-,-,-,-,-,-,-,-,-,-,-,-,-,-,-,-,-,-,-,-,-,6.04,2.53,4.59,5.41,5.54
1.33,-,-,-,-,-,-,-,-,-,-,-,-,-,-,-,-,-,-,-,-,-,-,-,-,-,-,-,-,-,-,6.35,2.77,4.71,5.52,5.47
1.34,-,-,-,-,-,-,-,-,-,-,-,-,-,-,-,-,-,-,-,-,-,-,-,-,-,-,-,-,-,-,6.51,2.79,4.73,5.55,5.51
1.35,-17.942,-4.782,-10.856,-34.139,-30.351,-58.294,-41.83,-47.589,-17.337,-21.235,64.771,-143.505,-10.666,73.692,81.449,-0.4483,-0.1195,-0.2713,-0.853,-0.7584,-1.457,-1.189,-1.045,-0.433,-0.531,1.618,-3.586,-0.267,1.841,2.035,6.71,3.01,4.92,5.69,5.41
1.36,-,-,-,-,-,-,-,-,-,-,-,-,-,-,-,-,-,-,-,-,-,-,-,-,-,-,-,-,-,-,7.04,3.17,5.1,5.67,5.47
1.37,-,-,-,-,-,-,-,-,-,-,-,-,-,-,-,-,-,-,-,-,-,-,-,-,-,-,-,-,-,-,7.09,3.42,5.29,5.73,5.37
1.38,-,-,-,-,-,-,-,-,-,-,-,-,-,-,-,-,-,-,-,-,-,-,-,-,-,-,-,-,-,-,7.15,3.6,5.4,5.79,5.38
1.39,-,-,-,-,-,-,-,-,-,-,-,-,-,-,-,-,-,-,-,-,-,-,-,-,-,-,-,-,-,-,7.12,4.02,5.49,5.69,5.23
1.4,-20.822,-7.121,-13.282,-34.924,-31.294,-53.058,-47.938,-47.008,-13.439,-17.221,120.04,-91.339,27.343,77.182,73.498,-0.5203,-0.1779,-0.3319,-0.8727,-0.7819,-1.326,-1.175,-1.198,-0.336,-0.43,2.999,-2.282,0.683,1.929,1.837,6.87,4.21,5.49,5.72,5.15
1.41,-,-,-,-,-,-,-,-,-,-,-,-,-,-,-,-,-,-,-,-,-,-,-,-,-,-,-,-,-,-,6.9,4.42,5.61,5.64,5.05
1.42,-,-,-,-,-,-,-,-,-,-,-,-,-,-,-,-,-,-,-,-,-,-,-,-,-,-,-,-,-,-,6.57,4.69,5.51,5.68,4.96
1.43,-,-,-,-,-,-,-,-,-,-,-,-,-,-,-,-,-,-,-,-,-,-,-,-,-,-,-,-,-,-,6.57,4.67,5.48,5.62,5.04
1.44,-,-,-,-,-,-,-,-,-,-,-,-,-,-,-,-,-,-,-,-,-,-,-,-,-,-,-,-,-,-,6.69,4.78,5.46,5.54,5.07
1.45,-23.318,-9.687,-15.621,-35.483,-32.044,-45.437,-51.022,-44.564,-9.367,-13.846,152.813,-35.682,57.402,74.855,63.608,-0.5826,-0.242,-0.3903,-0.8866,-0.8007,-1.135,-1.114,-1.275,-0.234,-0.346,3.818,-0.892,1.434,1.87,1.589,6.62,4.75,5.45,5.62,5.06
1.46,-,-,-,-,-,-,-,-,-,-,-,-,-,-,-,-,-,-,-,-,-,-,-,-,-,-,-,-,-,-,6.93,4.79,5.52,5.46,5.15
1.47,-,-,-,-,-,-,-,-,-,-,-,-,-,-,-,-,-,-,-,-,-,-,-,-,-,-,-,-,-,-,6.96,4.81,5.56,5.51,5.18
1.48,-,-,-,-,-,-,-,-,-,-,-,-,-,-,-,-,-,-,-,-,-,-,-,-,-,-,-,-,-,-,7.13,4.89,5.73,5.31,5.16
1.49,-,-,-,-,-,-,-,-,-,-,-,-,-,-,-,-,-,-,-,-,-,-,-,-,-,-,-,-,-,-,7.28,5.11,5.89,5.29,5.19
1.5,-25.395,-12.322,-17.785,-35.849,-32.655,-36.885,-51.254,-40.841,-5.643,-10.996,159.795,13.963,75.825,64.965,56.044,-0.6345,-0.3079,-0.4444,-0.8958,-0.816,-0.922,-1.021,-1.281,-0.141,-0.275,3.993,0.349,1.895,1.623,1.4,7.22,5.24,6,5.14,5.15
1.51,-,-,-,-,-,-,-,-,-,-,-,-,-,-,-,-,-,-,-,-,-,-,-,-,-,-,-,-,-,-,7.27,5.45,5.98,4.94,5.18
1.52,-,-,-,-,-,-,-,-,-,-,-,-,-,-,-,-,-,-,-,-,-,-,-,-,-,-,-,-,-,-,6.91,5.62,6.03,4.86,5.08
1.53,-,-,-,-,-,-,-,-,-,-,-,-,-,-,-,-,-,-,-,-,-,-,-,-,-,-,-,-,-,-,6.67,5.64,5.87,4.77,5.15
1.54,-,-,-,-,-,-,-,-,-,-,-,-,-,-,-,-,-,-,-,-,-,-,-,-,-,-,-,-,-,-,6.47,5.87,5.76,4.64,5.11
1.55,-27,-14.888,-19.722,-36.024,-33.144,-28.623,-49.218,-36.536,-2.676,-8.378,142.341,52.166,81.837,49.645,51.196,-0.6747,-0.372,-0.4928,-0.9001,-0.8282,-0.715,-0.913,-1.23,-0.067,-0.209,3.557,1.303,2.045,1.24,1.279,6.07,5.78,5.65,4.69,5.15
1.56,-,-,-,-,-,-,-,-,-,-,-,-,-,-,-,-,-,-,-,-,-,-,-,-,-,-,-,-,-,-,5.93,5.91,5.54,4.57,5.22
1.57,-,-,-,-,-,-,-,-,-,-,-,-,-,-,-,-,-,-,-,-,-,-,-,-,-,-,-,-,-,-,5.62,5.89,5.38,4.62,5.19
1.58,-,-,-,-,-,-,-,-,-,-,-,-,-,-,-,-,-,-,-,-,-,-,-,-,-,-,-,-,-,-,5.37,5.86,5.42,4.61,5.23
1.59,-,-,-,-,-,-,-,-,-,-,-,-,-,-,-,-,-,-,-,-,-,-,-,-,-,-,-,-,-,-,5.2,5.97,5.33,4.59,5.16
1.6,-28.205,-17.296,-21.433,-36.076,-33.493,-21.933,-45.553,-32.289,-0.64,-5.876,108.016,75.825,77.57,33.549,46.542,-0.7048,-0.4322,-0.5355,-0.9014,-0.8369,-0.548,-0.807,-1.138,-0.016,-0.147,2.699,1.895,1.938,0.838,1.163,4.86,5.95,5.39,4.64,5.08
1.61,-,-,-,-,-,-,-,-,-,-,-,-,-,-,-,-,-,-,-,-,-,-,-,-,-,-,-,-,-,-,4.64,5.95,5.44,4.57,5
1.62,-,-,-,-,-,-,-,-,-,-,-,-,-,-,-,-,-,-,-,-,-,-,-,-,-,-,-,-,-,-,4.42,5.91,5.34,4.59,4.94
1.63,-,-,-,-,-,-,-,-,-,-,-,-,-,-,-,-,-,-,-,-,-,-,-,-,-,-,-,-,-,-,4.29,5.93,5.36,4.49,4.91
1.64,-,-,-,-,-,-,-,-,-,-,-,-,-,-,-,-,-,-,-,-,-,-,-,-,-,-,-,-,-,-,4.22,5.85,5.09,4.56,4.84
1.65,-29.095,-19.478,-22.934,-36.058,-33.72,-17.686,-41.073,-28.565,0.524,-3.607,71.558,84.551,67.098,20.75,39.755,-0.727,-0.4867,-0.5731,-0.901,-0.8426,-0.442,-0.714,-1.026,0.013,-0.09,1.788,2.113,1.677,0.518,0.993,4.14,5.71,5.04,4.59,4.74
1.66,-,-,-,-,-,-,-,-,-,-,-,-,-,-,-,-,-,-,-,-,-,-,-,-,-,-,-,-,-,-,4.21,5.55,4.81,4.55,4.77
1.67,-,-,-,-,-,-,-,-,-,-,-,-,-,-,-,-,-,-,-,-,-,-,-,-,-,-,-,-,-,-,4.24,5.46,4.76,4.65,4.73
1.68,-,-,-,-,-,-,-,-,-,-,-,-,-,-,-,-,-,-,-,-,-,-,-,-,-,-,-,-,-,-,4.49,5.32,4.76,4.68,4.81
1.69,-,-,-,-,-,-,-,-,-,-,-,-,-,-,-,-,-,-,-,-,-,-,-,-,-,-,-,-,-,-,4.78,5.24,4.8,4.7,4.72
1.7,-29.88,-21.398,-24.26,-36.006,-33.842,-15.417,-36.652,-25.54,1.222,-1.804,48.675,82.03,55.657,12.217,30.834,-0.7466,-0.5347,-0.6062,-0.8997,-0.8456,-0.385,-0.638,-0.916,0.031,-0.045,1.216,2.05,1.391,0.305,0.77,4.89,5.13,4.76,4.68,4.74
1.71,-,-,-,-,-,-,-,-,-,-,-,-,-,-,-,-,-,-,-,-,-,-,-,-,-,-,-,-,-,-,5.15,5.22,4.97,4.7,4.67
1.72,-,-,-,-,-,-,-,-,-,-,-,-,-,-,-,-,-,-,-,-,-,-,-,-,-,-,-,-,-,-,5.14,5.1,5.02,4.65,4.6
1.73,-,-,-,-,-,-,-,-,-,-,-,-,-,-,-,-,-,-,-,-,-,-,-,-,-,-,-,-,-,-,5.33,5.27,5.07,4.53,4.63
1.74,-,-,-,-,-,-,-,-,-,-,-,-,-,-,-,-,-,-,-,-,-,-,-,-,-,-,-,-,-,-,5.36,5.24,5.14,4.51,4.49
1.75,-30.631,-23.108,-25.464,-35.936,-33.877,-13.672,-32.754,-23.155,1.687,-0.524,44.021,75.243,47.706,6.012,21.332,-0.7654,-0.5774,-0.6363,-0.898,-0.8465,-0.342,-0.579,-0.818,0.042,-0.013,1.1,1.88,1.192,0.15,0.533,5.42,5.28,5.16,4.45,4.56
1.76,-,-,-,-,-,-,-,-,-,-,-,-,-,-,-,-,-,-,-,-,-,-,-,-,-,-,-,-,-,-,5.49,5.42,5.02,4.4,4.5
1.77,-,-,-,-,-,-,-,-,-,-,-,-,-,-,-,-,-,-,-,-,-,-,-,-,-,-,-,-,-,-,5.44,5.29,5.07,4.42,4.53
1.78,-,-,-,-,-,-,-,-,-,-,-,-,-,-,-,-,-,-,-,-,-,-,-,-,-,-,-,-,-,-,5.55,5.45,4.97,4.32,4.57
1.79,-,-,-,-,-,-,-,-,-,-,-,-,-,-,-,-,-,-,-,-,-,-,-,-,-,-,-,-,-,-,5.51,5.25,4.97,4.38,4.57
1.8,-31.294,-24.661,-26.564,-35.832,-33.877,-11.345,-29.263,-21.002,1.862,0.291,48.869,69.619,44.409,0.194,12.799,-0.7819,-0.6162,-0.6638,-0.8953,-0.8465,-0.283,-0.525,-0.731,0.047,0.007,1.221,1.74,1.11,0.005,0.32,5.54,5.4,5.13,4.32,4.55
1.81,-,-,-,-,-,-,-,-,-,-,-,-,-,-,-,-,-,-,-,-,-,-,-,-,-,-,-,-,-,-,5.55,5.27,5.07,4.24,4.55
1.82,-,-,-,-,-,-,-,-,-,-,-,-,-,-,-,-,-,-,-,-,-,-,-,-,-,-,-,-,-,-,5.44,5.43,5.14,4.29,4.54
1.83,-,-,-,-,-,-,-,-,-,-,-,-,-,-,-,-,-,-,-,-,-,-,-,-,-,-,-,-,-,-,5.38,5.37,5.14,4.19,4.52
1.84,-,-,-,-,-,-,-,-,-,-,-,-,-,-,-,-,-,-,-,-,-,-,-,-,-,-,-,-,-,-,5.17,5.46,5.13,4.2,4.44
1.85,-31.782,-26.04,-27.576,-35.727,-33.842,-8.552,-25.889,-18.791,1.687,0.698,51.584,65.935,43.245,-4.654,5.818,-0.7942,-0.6507,-0.6891,-0.8927,-0.8456,-0.214,-0.47,-0.647,0.042,0.017,1.289,1.648,1.081,-0.116,0.145,5.08,5.43,5.25,4.17,4.41
1.86,-,-,-,-,-,-,-,-,-,-,-,-,-,-,-,-,-,-,-,-,-,-,-,-,-,-,-,-,-,-,4.96,5.49,5,4.15,4.38
1.87,-,-,-,-,-,-,-,-,-,-,-,-,-,-,-,-,-,-,-,-,-,-,-,-,-,-,-,-,-,-,4.81,5.41,5.03,4.21,4.35
1.88,-,-,-,-,-,-,-,-,-,-,-,-,-,-,-,-,-,-,-,-,-,-,-,-,-,-,-,-,-,-,4.83,5.5,4.9,4.19,4.39
1.89,-,-,-,-,-,-,-,-,-,-,-,-,-,-,-,-,-,-,-,-,-,-,-,-,-,-,-,-,-,-,4.71,5.22,4.81,4.26,4.37
1.9,-32.132,-27.245,-28.449,-35.657,-33.79,-5.876,-22.631,-16.581,1.28,0.814,47.706,61.862,40.918,-6.981,0.776,-0.8029,-0.6808,-0.7109,-0.891,-0.8443,-0.147,-0.414,-0.565,0.032,0.02,1.192,1.546,1.022,-0.174,0.019,4.79,5.35,4.85,4.32,4.4
1.91,-,-,-,-,-,-,-,-,-,-,-,-,-,-,-,-,-,-,-,-,-,-,-,-,-,-,-,-,-,-,4.81,5.14,4.79,4.34,4.4
1.92,-,-,-,-,-,-,-,-,-,-,-,-,-,-,-,-,-,-,-,-,-,-,-,-,-,-,-,-,-,-,4.8,5.1,4.87,4.41,4.36
1.93,-,-,-,-,-,-,-,-,-,-,-,-,-,-,-,-,-,-,-,-,-,-,-,-,-,-,-,-,-,-,4.9,5.05,4.91,4.39,4.33
1.94,-,-,-,-,-,-,-,-,-,-,-,-,-,-,-,-,-,-,-,-,-,-,-,-,-,-,-,-,-,-,4.84,4.92,4.9,4.41,4.33
1.95,-32.358,-28.292,-29.217,-35.605,-33.755,-3.665,-19.606,-14.603,0.873,0.698,39.755,55.657,36.846,-6.787,-2.133,-0.8086,-0.7069,-0.7301,-0.8897,-0.8434,-0.092,-0.365,-0.49,0.022,0.017,0.993,1.391,0.921,-0.17,-0.053,4.87,5.16,5.02,4.41,4.31
1.96,-,-,-,-,-,-,-,-,-,-,-,-,-,-,-,-,-,-,-,-,-,-,-,-,-,-,-,-,-,-,4.82,4.94,4.86,4.43,4.32
1.97,-,-,-,-,-,-,-,-,-,-,-,-,-,-,-,-,-,-,-,-,-,-,-,-,-,-,-,-,-,-,4.78,5.07,4.92,4.44,4.32
1.98,-,-,-,-,-,-,-,-,-,-,-,-,-,-,-,-,-,-,-,-,-,-,-,-,-,-,-,-,-,-,4.85,5.02,4.84,4.41,4.32
1.99,-,-,-,-,-,-,-,-,-,-,-,-,-,-,-,-,-,-,-,-,-,-,-,-,-,-,-,-,-,-,4.81,4.97,4.76,4.44,4.34
2,-32.481,-29.199,-29.897,-35.57,-33.72,-1.92,-16.988,-12.915,0.582,0.524,31.222,47.512,32.386,-5.43,-3.297,-0.8116,-0.7296,-0.7471,-0.8888,-0.8426,-0.048,-0.323,-0.424,0.015,0.013,0.78,1.187,0.809,-0.136,-0.082,4.86,5.03,4.81,4.45,4.37
2.01,-,-,-,-,-,-,-,-,-,-,-,-,-,-,-,-,-,-,-,-,-,-,-,-,-,-,-,-,-,-,4.92,4.86,4.65,4.47,4.42
2.02,-,-,-,-,-,-,-,-,-,-,-,-,-,-,-,-,-,-,-,-,-,-,-,-,-,-,-,-,-,-,4.89,4.94,4.74,4.47,4.41
2.03,-,-,-,-,-,-,-,-,-,-,-,-,-,-,-,-,-,-,-,-,-,-,-,-,-,-,-,-,-,-,4.93,4.9,4.74,4.43,4.45
2.04,-,-,-,-,-,-,-,-,-,-,-,-,-,-,-,-,-,-,-,-,-,-,-,-,-,-,-,-,-,-,4.82,4.78,4.76,4.43,4.44
2.05,-32.533,-29.967,-30.508,-35.552,-33.702,-0.582,-14.835,-11.403,0.349,0.349,22.883,38.203,28.895,-,-,-0.8129,-0.7488,-0.7623,-0.8884,-0.8421,-0.015,-0.285,-0.371,0.009,0.009,0.572,0.955,0.722,-,-,4.8,5.02,4.86,4.38,4.45
2.06,-,-,-,-,-,-,-,-,-,-,-,-,-,-,-,-,-,-,-,-,-,-,-,-,-,-,-,-,-,-,4.67,4.79,4.86,4.32,4.43
2.07,-,-,-,-,-,-,-,-,-,-,-,-,-,-,-,-,-,-,-,-,-,-,-,-,-,-,-,-,-,-,4.61,4.93,4.84,4.35,4.46
2.08,-,-,-,-,-,-,-,-,-,-,-,-,-,-,-,-,-,-,-,-,-,-,-,-,-,-,-,-,-,-,4.48,4.95,4.83,4.29,4.5
2.09,-,-,-,-,-,-,-,-,-,-,-,-,-,-,-,-,-,-,-,-,-,-,-,-,-,-,-,-,-,-,4.35,4.63,4.7,4.32,4.5
2.1,-32.533,-30.665,-31.032,-35.535,-33.685,0.407,-13.148,-10.065,0.175,0.175,13.963,28.119,27.343,-,-,-0.8129,-0.7662,-0.7754,-0.8879,-0.8417,0.01,-0.251,-0.329,0.004,0.004,0.349,0.703,0.683,-,-,4.34,4.87,4.73,4.33,4.51
2.11,-,-,-,-,-,-,-,-,-,-,-,-,-,-,-,-,-,-,-,-,-,-,-,-,-,-,-,-,-,-,4.27,4.49,4.63,4.32,4.55
2.12,-,-,-,-,-,-,-,-,-,-,-,-,-,-,-,-,-,-,-,-,-,-,-,-,-,-,-,-,-,-,4.28,4.66,4.74,4.38,-
2.13,-,-,-,-,-,-,-,-,-,-,-,-,-,-,-,-,-,-,-,-,-,-,-,-,-,-,-,-,-,-,4.36,4.44,4.67,-,-
2.14,-,-,-,-,-,-,-,-,-,-,-,-,-,-,-,-,-,-,-,-,-,-,-,-,-,-,-,-,-,-,4.3,4.41,4.76,-,-
2.15,-32.481,-31.276,-31.503,-35.535,-33.685,0.873,-11.985,-8.785,-,-,4.848,17.841,28.119,-,-,-0.8116,-0.7815,-0.7872,-0.8879,-0.8417,0.022,-0.22,-0.299,-,-,0.121,0.446,0.703,-,-,4.37,4.41,4.92,-,-
2.16,-,-,-,-,-,-,-,-,-,-,-,-,-,-,-,-,-,-,-,-,-,-,-,-,-,-,-,-,-,-,4.31,4.36,4.86,-,-
2.17,-,-,-,-,-,-,-,-,-,-,-,-,-,-,-,-,-,-,-,-,-,-,-,-,-,-,-,-,-,-,4.27,4.36,5.08,-,-
2.18,-,-,-,-,-,-,-,-,-,-,-,-,-,-,-,-,-,-,-,-,-,-,-,-,-,-,-,-,-,-,4.29,4.42,4.97,-,-
2.19,-,-,-,-,-,-,-,-,-,-,-,-,-,-,-,-,-,-,-,-,-,-,-,-,-,-,-,-,-,-,4.24,4.37,5.08,-,-
2.2,-32.411,-31.835,-31.922,-,-,0.814,-11.403,-7.33,-,-,-2.133,9.696,30.058,-,-,-0.8099,-0.7955,-0.7976,-,-,0.02,-0.183,-0.285,-,-,-0.053,0.242,0.751,-,-,4.3,4.46,5,-,-
2.21,-,-,-,-,-,-,-,-,-,-,-,-,-,-,-,-,-,-,-,-,-,-,-,-,-,-,-,-,-,-,4.27,4.38,4.92,-,-
2.22,-,-,-,-,-,-,-,-,-,-,-,-,-,-,-,-,-,-,-,-,-,-,-,-,-,-,-,-,-,-,4.3,4.39,4.9,-,-
2.23,-,-,-,-,-,-,-,-,-,-,-,-,-,-,-,-,-,-,-,-,-,-,-,-,-,-,-,-,-,-,4.37,4.44,4.85,-,-
2.24,-,-,-,-,-,-,-,-,-,-,-,-,-,-,-,-,-,-,-,-,-,-,-,-,-,-,-,-,-,-,4.38,4.38,4.85,-,-
2.25,-32.393,-32.393,-32.254,-,-,0.465,-11.228,-5.701,-,-,-,6.981,31.028,-,-,-0.8094,-0.8094,-0.8059,-,-,0.012,-0.142,-0.281,-,-,-,0.174,0.775,-,-,4.45,4.48,4.89,-,-
2.26,-,-,-,-,-,-,-,-,-,-,-,-,-,-,-,-,-,-,-,-,-,-,-,-,-,-,-,-,-,-,4.44,4.44,4.9,-,-
2.27,-,-,-,-,-,-,-,-,-,-,-,-,-,-,-,-,-,-,-,-,-,-,-,-,-,-,-,-,-,-,4.45,4.55,4.91,-,-
2.28,-,-,-,-,-,-,-,-,-,-,-,-,-,-,-,-,-,-,-,-,-,-,-,-,-,-,-,-,-,-,4.39,4.6,4.85,-,-
2.29,-,-,-,-,-,-,-,-,-,-,-,-,-,-,-,-,-,-,-,-,-,-,-,-,-,-,-,-,-,-,4.36,4.72,4.88,-,-
2.3,-32.376,-32.969,-32.481,-,-,0.175,-10.996,-4.131,-,-,-,10.666,30.446,-,-,-0.809,-0.8238,-0.8116,-,-,0.004,-0.103,-0.275,-,-,-,0.267,0.761,-,-,4.36,4.73,4.81,-,-
2.31,-,-,-,-,-,-,-,-,-,-,-,-,-,-,-,-,-,-,-,-,-,-,-,-,-,-,-,-,-,-,4.32,4.78,4.69,-,-
2.32,-,-,-,-,-,-,-,-,-,-,-,-,-,-,-,-,-,-,-,-,-,-,-,-,-,-,-,-,-,-,-,4.72,4.68,-,-
2.33,-,-,-,-,-,-,-,-,-,-,-,-,-,-,-,-,-,-,-,-,-,-,-,-,-,-,-,-,-,-,-,4.88,4.55,-,-
2.34,-,-,-,-,-,-,-,-,-,-,-,-,-,-,-,-,-,-,-,-,-,-,-,-,-,-,-,-,-,-,-,4.75,4.63,-,-
2.35,-32.376,-33.51,-32.655,-,-,-,-10.297,-2.676,-,-,-,18.423,29.671,-,-,-0.809,-0.8373,-0.816,-,-,-,-0.067,-0.257,-,-,-,0.46,0.741,-,-,-,4.77,4.56,-,-
-,-,-,-,-,-,-,-,-,-,-,-,-,-,-,-,-,-,-,-,-,-,-,-,-,-,-,-,-,-,-,-,4.84,4.67,-,-
-,-,-,-,-,-,-,-,-,-,-,-,-,-,-,-,-,-,-,-,-,-,-,-,-,-,-,-,-,-,-,-,4.73,4.8,-,-
-,-,-,-,-,-,-,-,-,-,-,-,-,-,-,-,-,-,-,-,-,-,-,-,-,-,-,-,-,-,-,-,5.01,4.91,-,-
-,-,-,-,-,-,-,-,-,-,-,-,-,-,-,-,-,-,-,-,-,-,-,-,-,-,-,-,-,-,-,-,4.85,4.99,-,-
-,-,-34.016,-32.76,-,-,-,-9.134,-1.222,-,-,-,26.762,28.701,-,-,-,-0.85,-0.8186,-,-,-,-0.031,-0.228,-,-,-,0.669,0.717,-,-,-,4.99,5.02,-,-
-,-,-,-,-,-,-,-,-,-,-,-,-,-,-,-,-,-,-,-,-,-,-,-,-,-,-,-,-,-,-,-,5.02,5.08,-,-
-,-,-,-,-,-,-,-,-,-,-,-,-,-,-,-,-,-,-,-,-,-,-,-,-,-,-,-,-,-,-,-,4.92,5.04,-,-
-,-,-,-,-,-,-,-,-,-,-,-,-,-,-,-,-,-,-,-,-,-,-,-,-,-,-,-,-,-,-,-,5.03,5.02,-,-
-,-,-,-,-,-,-,-,-,-,-,-,-,-,-,-,-,-,-,-,-,-,-,-,-,-,-,-,-,-,-,-,4.92,4.97,-,-
-,-,-34.435,-32.777,-,-,-,-7.563,0.291,-,-,-,33.355,25.21,-,-,-,-0.8604,-0.819,-,-,-,0.007,-0.189,-,-,-,0.833,0.63,-,-,-,4.9,4.93,-,-
-,-,-,-,-,-,-,-,-,-,-,-,-,-,-,-,-,-,-,-,-,-,-,-,-,-,-,-,-,-,-,-,5.03,4.83,-,-
-,-,-,-,-,-,-,-,-,-,-,-,-,-,-,-,-,-,-,-,-,-,-,-,-,-,-,-,-,-,-,-,4.93,4.83,-,-
-,-,-,-,-,-,-,-,-,-,-,-,-,-,-,-,-,-,-,-,-,-,-,-,-,-,-,-,-,-,-,-,5.04,4.73,-,-
-,-,-,-,-,-,-,-,-,-,-,-,-,-,-,-,-,-,-,-,-,-,-,-,-,-,-,-,-,-,-,-,5.04,4.72,-,-
-,-,-34.784,-32.725,-,-,-,-5.701,1.513,-,-,-,37.428,17.065,-,-,-,-0.8692,-0.8177,-,-,-,0.038,-0.142,-,-,-,0.935,0.426,-,-,-,5.1,4.63,-,-
-,-,-,-,-,-,-,-,-,-,-,-,-,-,-,-,-,-,-,-,-,-,-,-,-,-,-,-,-,-,-,-,5.24,4.5,-,-
-,-,-,-,-,-,-,-,-,-,-,-,-,-,-,-,-,-,-,-,-,-,-,-,-,-,-,-,-,-,-,-,5.04,4.35,-,-
-,-,-,-,-,-,-,-,-,-,-,-,-,-,-,-,-,-,-,-,-,-,-,-,-,-,-,-,-,-,-,-,5.19,4.15,-,-
-,-,-,-,-,-,-,-,-,-,-,-,-,-,-,-,-,-,-,-,-,-,-,-,-,-,-,-,-,-,-,-,4.97,4.06,-,-
-,-,-35.011,-32.603,-,-,-,-3.723,2.153,-,-,-,38.203,5.43,-,-,-,-0.8748,-0.8147,-,-,-,0.054,-0.093,-,-,-,0.955,0.136,-,-,-,5.06,4,-,-
-,-,-,-,-,-,-,-,-,-,-,-,-,-,-,-,-,-,-,-,-,-,-,-,-,-,-,-,-,-,-,-,4.98,3.97,-,-
-,-,-,-,-,-,-,-,-,-,-,-,-,-,-,-,-,-,-,-,-,-,-,-,-,-,-,-,-,-,-,-,4.88,3.99,-,-
-,-,-,-,-,-,-,-,-,-,-,-,-,-,-,-,-,-,-,-,-,-,-,-,-,-,-,-,-,-,-,-,4.92,4.03,-,-
-,-,-,-,-,-,-,-,-,-,-,-,-,-,-,-,-,-,-,-,-,-,-,-,-,-,-,-,-,-,-,-,4.83,4.09,-,-
-,-,-35.151,-32.481,-,-,-,-1.745,2.036,-,-,-,35.876,-,-,-,-,-0.8783,-0.8116,-,-,-,0.051,-0.044,-,-,-,0.896,-,-,-,-,4.83,4.15,-,-
-,-,-,-,-,-,-,-,-,-,-,-,-,-,-,-,-,-,-,-,-,-,-,-,-,-,-,-,-,-,-,-,4.84,4.2,-,-
-,-,-,-,-,-,-,-,-,-,-,-,-,-,-,-,-,-,-,-,-,-,-,-,-,-,-,-,-,-,-,-,4.79,4.23,-,-
-,-,-,-,-,-,-,-,-,-,-,-,-,-,-,-,-,-,-,-,-,-,-,-,-,-,-,-,-,-,-,-,4.8,4.24,-,-
-,-,-,-,-,-,-,-,-,-,-,-,-,-,-,-,-,-,-,-,-,-,-,-,-,-,-,-,-,-,-,-,4.67,4.27,-,-
-,-,-35.186,-32.376,-,-,-,-0.058,1.396,-,-,-,-,-,-,-,-,-0.8792,-0.809,-,-,-,0.035,-0.001,-,-,-,-,-,-,-,-,4.63,4.27,-,-
-,-,-,-,-,-,-,-,-,-,-,-,-,-,-,-,-,-,-,-,-,-,-,-,-,-,-,-,-,-,-,-,4.65,-,-,-
-,-,-,-,-,-,-,-,-,-,-,-,-,-,-,-,-,-,-,-,-,-,-,-,-,-,-,-,-,-,-,-,4.53,-,-,-
-,-,-,-,-,-,-,-,-,-,-,-,-,-,-,-,-,-,-,-,-,-,-,-,-,-,-,-,-,-,-,-,4.63,-,-,-
-,-,-,-,-,-,-,-,-,-,-,-,-,-,-,-,-,-,-,-,-,-,-,-,-,-,-,-,-,-,-,-,4.51,-,-,-
-,-,-35.133,-32.341,-,-,-,1.396,-,-,-,-,-,-,-,-,-,-0.8779,-0.8081,-,-,-,-,0.035,-,-,-,-,-,-,-,-,4.6,-,-,-
-,-,-,-,-,-,-,-,-,-,-,-,-,-,-,-,-,-,-,-,-,-,-,-,-,-,-,-,-,-,-,-,4.6,-,-,-
-,-,-,-,-,-,-,-,-,-,-,-,-,-,-,-,-,-,-,-,-,-,-,-,-,-,-,-,-,-,-,-,4.61,-,-,-
-,-,-,-,-,-,-,-,-,-,-,-,-,-,-,-,-,-,-,-,-,-,-,-,-,-,-,-,-,-,-,-,4.58,-,-,-
-,-,-,-,-,-,-,-,-,-,-,-,-,-,-,-,-,-,-,-,-,-,-,-,-,-,-,-,-,-,-,-,4.56,-,-,-
-,-,-35.046,-,-,-,-,-,-,-,-,-,-,-,-,-,-,-0.8757,-,-,-,-,-,-,-,-,-,-,-,-,-,-,-,-,-,-
